epoch,step,train_loss_step
0,49,4.428722858428955
0,99,2.9724924564361572
