epoch,step,train_loss_step
0,49,4.183762073516846
0,99,3.398106098175049
0,149,2.8935091495513916
0,199,2.5280089378356934
0,249,2.5993475914001465
0,299,2.4709434509277344
