epoch,step,train_loss_step
0,49,4.335317611694336
0,99,3.744201898574829
0,149,3.009075880050659
