epoch,step,train_loss_epoch,train_loss_step,val_loss
0,49,,4.862522125244141,
0,99,,4.00393009185791,
0,99,,,0.38107818365097046
0,99,7.32758903503418,,
1,149,,3.357592821121216,
1,199,,2.9780635833740234,
1,199,,,0.2586124837398529
1,199,3.339608669281006,,
