epoch,step,train_loss_epoch,train_loss_step,val_loss
0,49,,3.700669527053833,
0,99,,3.3324978351593018,
0,149,,3.023833751678467,
0,199,,2.5957224369049072,
0,249,,2.4766552448272705,
0,259,,,0.04719909280538559
0,259,4.380160331726074,,
1,299,,2.558413505554199,
1,349,,2.2362747192382812,
1,399,,2.199298620223999,
