epoch,step,train_loss_step
0,49,4.122712135314941
0,99,3.1627020835876465
0,149,3.3220341205596924
0,199,2.649306297302246
