epoch,step,train_loss_step
0,49,3.8002004623413086
0,99,2.993880033493042
